<?xml version="1.0" encoding="utf-8" ?>
<manifest>
  <control namespace="VideopUploader" constructor="VideoComponent" version="0.0.2" display-name-key="Video Uploader" description-key="VideoComponent description" control-type="standard">
    <!-- property node identifies a specific, configurable piece of data that the control expects from CDS -->
    <property name="videoSrc" display-name-key="Video Source" description-key="Video Source" of-type="SingleLine.Text" usage="bound" required="true" />
    <!-- 
      Property node's of-type attribute can be of-type-group attribute. 
      Example:
      <type-group name="numbers">
        <type>Whole.None</type>
        <type>Currency</type>
        <type>FP</type>
        <type>Decimal</type>
      </type-group>
      <property name="sampleProperty" display-name-key="Property_Display_Key" description-key="Property_Desc_Key" of-type-group="numbers" usage="bound" required="true" />
    -->
    <resources>
      <code path="index.ts" order="1"/>
      <!-- UNCOMMENT TO ADD MORE RESOURCES
      <css path="css/VideoComponent.css" order="1" />
      <resx path="strings/VideoComponent.1033.resx" version="1.0.0" />
      -->
    </resources>    
    <feature-usage>      
      <uses-feature name="WebAPI" required="true" />
    </feature-usage>   
  </control>
</manifest>